{
  "title": "کاهش استرس مبتنی بر ذهن‌آگاهی (MBSR) — دوره ۸ هفته‌ای",
  "subtitle": "برنامه‌ای مبتنی بر شواهد برای کاهش استرس، بهبود تمرکز و ساختن عادت‌های پایدار.",
  "blurb": "این دوره بر اساس ساختار اصلی برنامه‌ی جان کابات-زین طراحی شده و با نیازهای زندگی مدرن و حساسیت‌های فرهنگی سازگار شده است. برای تازه‌کارها و افراد باتجربه مناسب است.",
  "audience": [
    "بزرگسالانی که استرس، اضطراب یا فرسودگی را تجربه می‌کنند",
    "حرفه‌ای‌هایی که به دنبال تمرکز و وضوح ذهنی هستند",
    "مراقبین و دانشجویانی که می‌خواهند عادت‌های ذهن‌آگاهی پایدار بسازند"
  ],
  "outcomes": [
    "شناخت محرک‌های استرس و پاسخ آگاهانه",
    "توسعه‌ی تمرین منظم ذهن‌آگاهی (رسمی و غیررسمی)",
    "بهبود تنظیم هیجان و خودمهربانی",
    "افزایش تمرکز، کیفیت خواب و بهزیستی کلی"
  ],
  "logistics": {
    "duration": "۸ جلسه هفتگی + ۱ روز تمرین سکوت (اختیاری)",
    "sessionLength": "۱۲۰ دقیقه برای هر جلسه",
    "format": "حضوری (تورنتو) و آنلاین (زوم)",
    "groupSize": "۶ تا ۱۴ نفر",
    "homePractice": "روزانه ۲۰–۳۰ دقیقه (فایل‌های راهنما ارائه می‌شود)",
    "requirements": [
      "آمادگی برای تمرین بین جلسات",
      "برای شرکت آنلاین: فضای نسبتاً ساکت"
    ],
    "pricing": {
      "currency": "CAD",
      "tuition": 480,
      "notes": "امکان پرداخت پلکانی وجود دارد. لطفاً پیام دهید."
    }
  },
  "curriculum": [
    { "week": 1, "title": "آگاهی و حالت خودکار", "topics": ["آشنایی", "تمرین اسکن بدن", "ذهن‌آگاهی چیست؟"], "homework": "اسکن بدن روزانه (۱۰–۲۰ دقیقه) + توجه به لحظه‌های حالت خودکار." },
    { "week": 2, "title": "ادراک و استرس", "topics": ["اثر ادراک بر تجربه", "واکنش‌پذیری استرس"], "homework": "تقویم رویدادهای خوشایند + حرکت آگاهانه (ملایم)." },
    { "week": 3, "title": "حضور در بدن", "topics": ["حرکت آگاهانه", "کار با احساسات بدنی"], "homework": "ویدئوی حرکت آگاهانه + تنفس ۳ دقیقه‌ای." },
    { "week": 4, "title": "از واکنش تا پاسخ", "topics": ["تکنیک S.T.O.P.", "R.A.I.N. برای هیجان‌های دشوار"], "homework": "تمرین STOP در موقعیت‌های روزانه؛ ثبت تأملات." },
    { "week": 5, "title": "ارتباط و خودمهربانی", "topics": ["گوش‌دادن آگاهانه", "مبانی خودمهربانی"], "homework": "مهر‌ورزی (نسخه کوتاه) ۳–۴ بار در هفته." },
    { "week": 6, "title": "افکار، واقعیت نیستند", "topics": ["آگاهی شناختی", "رابطه با نشخوار ذهنی"], "homework": "برچسب‌گذاری افکار؛ یادداشت روزانه ۵–۱۰ دقیقه." },
    { "week": 7, "title": "حفظ تداوم تمرین", "topics": ["طراحی عادت", "روتین‌های همسو با ارزش‌ها"], "homework": "طراحی تمرین روزانه ۱۰ دقیقه‌ای متناسب با زندگی‌تان." },
    { "week": 8, "title": "جمع‌بندی و گام‌های بعد", "topics": ["مرور آموخته‌ها", "منابع"], "homework": "طرح شخصی ذهن‌آگاهی برای ۴ هفته آینده." }
  ],
  "retreat": {
    "title": "روز سکوت (اختیاری)",
    "description": "یک بازه‌ی طولانی تمرین در سکوت برای تعمیق تجربه: نشسته، راه‌رونده، حرکت آگاهانه و تمرین‌های مهربانی."
  },
  "faq": [
    { "q": "آیا پیش‌نیاز دارد؟", "a": "خیر. دوره برای تازه‌کارها مناسب است و برای افراد باتجربه هم ارزش‌افزاست." },
    { "q": "اگر یک جلسه را از دست بدهم چه؟", "a": "خلاصه‌ی جلسه و تمرین خانگی پیشنهاد می‌شود؛ می‌توانید با گروه ادامه دهید." },
    { "q": "این دوره درمان محسوب می‌شود؟", "a": "MBSR آموزشی و مهارت‌محور است و جایگزین درمان یا خدمات پزشکی نیست." },
    { "q": "پرداخت پلکانی دارید؟", "a": "بله، لطفاً پیام بدهید تا هماهنگ کنیم." }
  ],
  "cta": {
    "primaryLabel": "ثبت‌نام در دوره",
    "secondaryLabel": "رزرو گفت‌وگوی آشنایی"
  }
}
